0.12,-0.03377655
0.121,-0.031268122
0.122,-0.028758556
0.123,-0.026247853
0.124,-0.023736016
0.125,-0.021223047
0.126,-0.018708948
0.127,-0.016193721
0.128,-0.013677368
0.129,-0.011159892
0.13,-0.008641295
0.131,-0.006121578
0.132,-0.003600743
0.133,-0.001078794
0.134,0.001444269
0.135,0.003968443
0.136,0.006493725
0.137,0.009020114
0.138,0.011547608
0.139,0.014076204
0.14,0.016605901
0.141,0.019136696
0.142,0.021668587
0.143,0.024201572
0.144,0.026735649
0.145,0.029270816
0.146,0.031807071
0.147,0.034344411
0.148,0.036882835
0.149,0.03942234
0.15,0.041962925
0.151,0.044504587
0.152,0.047047324
0.153,0.049591133
0.154,0.052136014
0.155,0.054681963
0.156,0.057228979
0.157,0.05977706
0.158,0.062326203
0.159,0.064876406
0.16,0.067427667
0.161,0.069979985
0.162,0.072533356
0.163,0.075087779
0.164,0.077643252
0.165,0.080199773
0.166,0.082757339
0.167,0.085315949
0.168,0.087875599
0.169,0.090436289
0.17,0.092998017
0.171,0.095560779
0.172,0.098124574
0.173,0.100689399
0.174,0.103255254
0.175,0.105822134
0.176,0.10839004
0.177,0.110958967
0.178,0.113528915
0.179,0.116099881
0.18,0.118671862
0.181,0.121244858
0.182,0.123818865
0.183,0.126393882
0.184,0.128969907
0.185,0.131546937
0.186,0.13412497
0.187,0.136704004
0.188,0.139284038
0.189,0.141865068
0.19,0.144447094
0.191,0.147030112
0.192,0.149614121
0.193,0.152199118
0.194,0.154785102
0.195,0.157372069
0.196,0.15996002
0.197,0.16254895
0.198,0.165138858
0.199,0.167729742
0.2,0.1703216
0.201,0.172914429
0.202,0.175508228
0.203,0.178102995
0.204,0.180698727
0.205,0.183295422
0.206,0.185893078
0.207,0.188491693
0.208,0.191091264
0.209,0.193691791
0.21,0.19629327
0.211,0.1988957
0.212,0.201499078
0.213,0.204103403
0.214,0.206708671
0.215,0.209314882
0.216,0.211922033
0.217,0.214530122
0.218,0.217139146
0.219,0.219749104
0.22,0.222359994
0.221,0.224971813
0.222,0.227584559
0.223,0.23019823
0.224,0.232812825
0.225,0.235428341
0.226,0.238044775
0.227,0.240662126
0.228,0.243280392
0.229,0.245899571
0.23,0.248519659
0.231,0.251140657
0.232,0.25376256
0.233,0.256385367
0.234,0.259009077
0.235,0.261633686
0.236,0.264259193
0.237,0.266885596
0.238,0.269512892
0.239,0.27214108
0.24,0.274770157
0.241,0.277400121
0.242,0.28003097
0.243,0.282662703
0.244,0.285295316
0.245,0.287928808
0.246,0.290563176
0.247,0.293198419
0.248,0.295834535
0.249,0.298471521
0.25,0.301109375
0.251,0.303748095
0.252,0.306387679
0.253,0.309028125
0.254,0.311669431
0.255,0.314311595
0.256,0.316954614
0.257,0.319598486
0.258,0.32224321
0.259,0.324888783
0.26,0.327535203
0.261,0.330182468
0.262,0.332830576
0.263,0.335479525
0.264,0.338129312
0.265,0.340779936
0.266,0.343431395
0.267,0.346083686
0.268,0.348736807
0.269,0.351390756
0.27,0.354045531
0.271,0.35670113
0.272,0.35935755
0.273,0.362014791
0.274,0.364672849
0.275,0.367331722
0.276,0.369991409
0.277,0.372651906
0.278,0.375313213
0.279,0.377975327
0.28,0.380638246
0.281,0.383301968
0.282,0.38596649
0.283,0.388631811
0.284,0.391297929
0.285,0.39396484
0.286,0.396632544
0.287,0.399301038
0.288,0.40197032
0.289,0.404640388
0.29,0.40731124
0.291,0.409982873
0.292,0.412655286
0.293,0.415328476
0.294,0.418002442
0.295,0.420677181
0.296,0.423352691
0.297,0.42602897
0.298,0.428706016
0.299,0.431383827
0.3,0.4340624
0.301,0.436741734
0.302,0.439421826
0.303,0.442102675
0.304,0.444784278
0.305,0.447466633
0.306,0.450149738
0.307,0.452833591
0.308,0.45551819
0.309,0.458203532
0.31,0.460889616
0.311,0.46357644
0.312,0.466264
0.313,0.468952296
0.314,0.471641326
0.315,0.474331086
0.316,0.477021575
0.317,0.479712791
0.318,0.482404731
0.319,0.485097394
0.32,0.487790778
0.321,0.490484879
0.322,0.493179698
0.323,0.49587523
0.324,0.498571474
0.325,0.501268428
0.326,0.50396609
0.327,0.506664458
0.328,0.509363529
0.329,0.512063301
0.33,0.514763773
0.331,0.517464943
0.332,0.520166807
0.333,0.522869364
0.334,0.525572613
0.335,0.52827655
0.336,0.530981173
0.337,0.533686482
0.338,0.536392472
0.339,0.539099143
0.34,0.541806493
0.341,0.544514518
0.342,0.547223218
0.343,0.549932589
0.344,0.55264263
0.345,0.555353339
0.346,0.558064714
0.347,0.560776752
0.348,0.563489451
0.349,0.566202809
0.35,0.568916825
0.351,0.571631496
0.352,0.574346819
0.353,0.577062794
0.354,0.579779417
0.355,0.582496686
0.356,0.5852146
0.357,0.587933157
0.358,0.590652354
0.359,0.593372188
0.36,0.596092659
0.361,0.598813764
0.362,0.601535501
0.363,0.604257867
0.364,0.606980861
0.365,0.60970448
0.366,0.612428723
0.367,0.615153586
0.368,0.61787907
0.369,0.62060517
0.37,0.623331885
0.371,0.626059212
0.372,0.628787151
0.373,0.631515698
0.374,0.634244851
0.375,0.636974609
0.376,0.63970497
0.377,0.64243593
0.378,0.645167488
0.379,0.647899642
0.38,0.65063239
0.381,0.65336573
0.382,0.656099659
0.383,0.658834176
0.384,0.661569278
0.385,0.664304964
0.386,0.66704123
0.387,0.669778076
0.388,0.672515498
0.389,0.675253496
0.39,0.677992066
0.391,0.680731206
0.392,0.683470915
0.393,0.686211191
0.394,0.688952031
0.395,0.691693432
0.396,0.694435394
0.397,0.697177914
0.398,0.69992099
0.399,0.702664619
0.4,0.7054088
0.401,0.70815353
0.402,0.710898808
0.403,0.713644631
0.404,0.716390997
0.405,0.719137905
0.406,0.721885351
0.407,0.724633334
0.408,0.727381851
0.409,0.730130901
0.41,0.732880482
0.411,0.735630591
0.412,0.738381227
0.413,0.741132386
0.414,0.743884068
0.415,0.746636269
0.416,0.749388988
0.417,0.752142223
0.418,0.754895972
0.419,0.757650232
0.42,0.760405002
0.421,0.763160278
0.422,0.76591606
0.423,0.768672345
0.424,0.771429131
0.425,0.774186416
0.426,0.776944197
0.427,0.779702473
0.428,0.782461241
0.429,0.7852205
0.43,0.787980247
0.431,0.790740481
0.432,0.793501198
0.433,0.796262397
0.434,0.799024076
0.435,0.801786233
0.436,0.804548865
0.437,0.807311971
0.438,0.810075549
0.439,0.812839595
0.44,0.815604109
0.441,0.818369088
0.442,0.821134529
0.443,0.823900432
0.444,0.826666793
0.445,0.829433611
0.446,0.832200883
0.447,0.834968608
0.448,0.837736783
0.449,0.840505406
0.45,0.843274475
0.451,0.846043988
0.452,0.848813943
0.453,0.851584338
0.454,0.85435517
0.455,0.857126438
0.456,0.859898139
0.457,0.862670271
0.458,0.865442833
0.459,0.868215822
0.46,0.870989235
0.461,0.873763072
0.462,0.876537329
0.463,0.879312005
0.464,0.882087097
0.465,0.884862603
0.466,0.887638522
0.467,0.890414851
0.468,0.893191589
0.469,0.895968732
0.47,0.898746279
0.471,0.901524227
0.472,0.904302576
0.473,0.907081321
0.474,0.909860462
0.475,0.912639997
0.476,0.915419922
0.477,0.918200237
0.478,0.920980939
0.479,0.923762025
0.48,0.926543494
0.481,0.929325344
0.482,0.932107572
0.483,0.934890177
0.484,0.937673156
0.485,0.940456507
0.486,0.943240229
0.487,0.946024318
0.488,0.948808773
0.489,0.951593591
0.49,0.954378772
0.491,0.957164312
0.492,0.959950209
0.493,0.962736461
0.494,0.965523067
0.495,0.968310024
0.496,0.97109733
0.497,0.973884982
0.498,0.97667298
0.499,0.97946132
0.5,0.98225
0.501,0.985039019
0.502,0.987828374
0.503,0.990618063
0.504,0.993408085
0.505,0.996198436
0.506,0.998989115
0.507,1.00178012
0.508,1.004571449
0.509,1.007363099
0.51,1.010155068
0.511,1.012947355
0.512,1.015739957
0.513,1.018532872
0.514,1.021326098
0.515,1.024119633
0.516,1.026913474
0.517,1.02970762
0.518,1.032502069
0.519,1.035296818
0.52,1.038091866
0.521,1.040887209
0.522,1.043682847
0.523,1.046478776
0.524,1.049274996
0.525,1.052071503
0.526,1.054868296
0.527,1.057665372
0.528,1.06046273
0.529,1.063260367
0.53,1.066058281
0.531,1.068856471
0.532,1.071654933
0.533,1.074453666
0.534,1.077252668
0.535,1.080051937
0.536,1.08285147
0.537,1.085651265
0.538,1.088451321
0.539,1.091251635
0.54,1.094052205
0.541,1.096853029
0.542,1.099654105
0.543,1.10245543
0.544,1.105257003
0.545,1.108058822
0.546,1.110860884
0.547,1.113663188
0.548,1.116465731
0.549,1.11926851
0.55,1.122071525
0.551,1.124874773
0.552,1.127678251
0.553,1.130481958
0.554,1.133285891
0.555,1.136090049
0.556,1.138894429
0.557,1.14169903
0.558,1.144503848
0.559,1.147308883
0.56,1.150114131
0.561,1.152919591
0.562,1.155725261
0.563,1.158531138
0.564,1.161337221
0.565,1.164143507
0.566,1.166949994
0.567,1.16975668
0.568,1.172563564
0.569,1.175370642
0.57,1.178177913
0.571,1.180985374
0.572,1.183793024
0.573,1.186600861
0.574,1.189408881
0.575,1.192217084
0.576,1.195025467
0.577,1.197834028
0.578,1.200642765
0.579,1.203451676
0.58,1.206260758
0.581,1.20907001
0.582,1.21187943
0.583,1.214689014
0.584,1.217498762
0.585,1.220308671
0.586,1.223118739
0.587,1.225928963
0.588,1.228739343
0.589,1.231549875
0.59,1.234360558
0.591,1.237171389
0.592,1.239982366
0.593,1.242793488
0.594,1.245604752
0.595,1.248416155
0.596,1.251227697
0.597,1.254039374
0.598,1.256851185
0.599,1.259663128
0.6,1.2624752
0.601,1.265287399
0.602,1.268099724
0.603,1.270912171
0.604,1.27372474
0.605,1.276537428
0.606,1.279350232
0.607,1.282163151
0.608,1.284976182
0.609,1.287789324
0.61,1.290602574
0.611,1.293415931
0.612,1.296229391
0.613,1.299042954
0.614,1.301856616
0.615,1.304670376
0.616,1.307484232
0.617,1.310298181
0.618,1.313112222
0.619,1.315926352
0.62,1.31874057
0.621,1.321554872
0.622,1.324369257
0.623,1.327183724
0.624,1.329998269
0.625,1.332812891
0.626,1.335627587
0.627,1.338442356
0.628,1.341257195
0.629,1.344072102
0.63,1.346887075
0.631,1.349702113
0.632,1.352517212
0.633,1.355332371
0.634,1.358147588
0.635,1.36096286
0.636,1.363778186
0.637,1.366593563
0.638,1.369408989
0.639,1.372224462
0.64,1.375039981
0.641,1.377855542
0.642,1.380671144
0.643,1.383486785
0.644,1.386302462
0.645,1.389118174
0.646,1.391933918
0.647,1.394749692
0.648,1.397565494
0.649,1.400381323
0.65,1.403197175
0.651,1.406013049
0.652,1.408828943
0.653,1.411644854
0.654,1.414460781
0.655,1.417276721
0.656,1.420092672
0.657,1.422908632
0.658,1.4257246
0.659,1.428540572
0.66,1.431356547
0.661,1.434172523
0.662,1.436988497
0.663,1.439804468
0.664	,1.442620433
0.665,1.44543639
0.666,1.448252338
0.667,1.451068273
0.668,1.453884195
0.669,1.4567001
0.67,1.459515987
0.671,1.462331853
0.672,1.465147697
0.673,1.467963516
0.674,1.470779308
0.675,1.473595072
0.676,1.476410804
0.677,1.479226504
0.678,1.482042168
0.679,1.484857795
0.68,1.487673382
0.681,1.490488928
0.682,1.493304431
0.683,1.496119887
0.684,1.498935296
0.685,1.501750654
0.686,1.504565961
0.687,1.507381213
0.688,1.510196409
0.689,1.513011547
0.69,1.515826624
0.691,1.518641638
0.692,1.521456588
0.693,1.524271471
0.694,1.527086284
0.695,1.529901027
0.696,1.532715696
0.697,1.535530291
0.698,1.538344807
0.699,1.541159244
0.7,1.5439736
0.701,1.546787872
0.702,1.549602058
0.703,1.552416156
0.704,1.555230163
0.705,1.558044079
0.706,1.5608579
0.707,1.563671625
0.708,1.566485252
0.709,1.569298777
0.71,1.5721122
0.711,1.574925518
0.712,1.577738729
0.713,1.580551831
0.714,1.583364822
0.715,1.5861777
0.716,1.588990462
0.717,1.591803106
0.718,1.594615631
0.719,1.597428034
0.72,1.600240314
0.721,1.603052467
0.722,1.605864492
0.723,1.608676387
0.724,1.61148815
0.725,1.614299778
0.726,1.61711127
0.727,1.619922623
0.728,1.622733835
0.729,1.625544905
0.73,1.628355829
0.731,1.631166607
0.732,1.633977235
0.733,1.636787712
0.734,1.639598036
0.735,1.642408204
0.736,1.645218214
0.737,1.648028065
0.738,1.650837753
0.739,1.653647278
0.74,1.656456637
0.741,1.659265827
0.742,1.662074848
0.743,1.664883695
0.744,1.667692369
0.745,1.670500865
0.746,1.673309183
0.747,1.67611732
0.748,1.678925274
0.749,1.681733043
0.75,1.684540625
0.751,1.687348017
0.752,1.690155219
0.753,1.692962226
0.754,1.695769038
0.755,1.698575652
0.756,1.701382067
0.757,1.704188279
0.758,1.706994287
0.759,1.709800089
0.76,1.712605683
0.761,1.715411067
0.762,1.718216237
0.763,1.721021194
0.764,1.723825933
0.765,1.726630454
0.766,1.729434754
0.767,1.73223883
0.768,1.735042682
0.769,1.737846306
0.77,1.740649701
0.771,1.743452864
0.772,1.746255793
0.773,1.749058487
0.774,1.751860943
0.775,1.754663159
0.776,1.757465133
0.777,1.760266863
0.778,1.763068347
0.779,1.765869582
0.78,1.768670566
0.781,1.771471298
0.782,1.774271776
0.783,1.777071996
0.784,1.779871957
0.785,1.782671658
0.786,1.785471095
0.787,1.788270267
0.788,1.791069171
0.789,1.793867806
0.79,1.79666617
0.791,1.799464259
0.792,1.802262073
0.793,1.805059609
0.794,1.807856865
0.795,1.810653838
0.796,1.813450528
0.797,1.816246931
0.798,1.819043045
0.799,1.821838869
0.8,1.8246344
0.801,1.827429636
0.802,1.830224576
0.803,1.833019216
0.804,1.835813555
0.805,1.838607591
0.806,1.841401321
0.807,1.844194744
0.808,1.846987857
0.809,1.849780659
0.81,1.852573146
0.811,1.855365318
0.812,1.858157172
0.813,1.860948705
0.814,1.863739916
0.815,1.866530803
0.816,1.869321364
0.817,1.872111595
0.818,1.874901496
0.819,1.877691064
0.82,1.880480298
0.821,1.883269194
0.822,1.886057751
0.823,1.888845966
0.824,1.891633839
0.825,1.894421366
0.826,1.897208545
0.827,1.899995374
0.828,1.902781852
0.829,1.905567976
0.83,1.908353743
0.831,1.911139153
0.832,1.913924202
0.833,1.916708889
0.834,1.919493211
0.835,1.922277167
0.836,1.925060754
0.837,1.92784397
0.838,1.930626814
0.839,1.933409282
0.84,1.936191373
0.841,1.938973085
0.842,1.941754415
0.843,1.944535362
0.844,1.947315923
0.845,1.950096097
0.846,1.95287588
0.847,1.955655272
0.848,1.95843427
0.849,1.961212872
0.85,1.963991075
0.851,1.966768878
0.852,1.969546278
0.853,1.972323274
0.854,1.975099863
0.855,1.977876044
0.856,1.980651813
0.857,1.98342717
0.858,1.986202111
0.859,1.988976635
0.86,1.991750739
0.861,1.994524422
0.862,1.997297682
0.863,2.000070515
0.864,2.002842921
0.865,2.005614897
0.866,2.008386441
0.867,2.011157551
0.868,2.013928225
0.869,2.01669846
0.87,2.019468255
0.871,2.022237607
0.872,2.025006514
0.873,2.027774975
0.874,2.030542986
0.875,2.033310547
0.876,2.036077654
0.877,2.038844307
0.878,2.041610501
0.879,2.044376237
0.88,2.04714151
0.881,2.04990632
0.882,2.052670665
0.883,2.055434541
0.884,2.058197947
0.885,2.060960881
0.886,2.063723341
0.887,2.066485325
0.888,2.06924683
0.889,2.072007854
0.89,2.074768396
0.891,2.077528453
0.892,2.080288023
0.893,2.083047104
0.894,2.085805693
0.895,2.08856379
0.896,2.091321391
0.897,2.094078495
0.898,2.096835099
0.899,2.099591201
0.9,2.1023468
0.901,2.105101893
0.902,2.107856477
0.903,2.110610552
0.904,2.113364114
0.905,2.116117162
0.906,2.118869693
0.907,2.121621706
0.908,2.124373198
0.909,2.127124168
0.91,2.129874612
0.911,2.13262453
0.912,2.135373918
0.913,2.138122775
0.914,2.140871099
0.915,2.143618887
0.916,2.146366137
0.917,2.149112848
0.918,2.151859017
0.919,2.154604642
0.92,2.157349722
0.921,2.160094253
0.922,2.162838233
0.923,2.165581662
0.924,2.168324536
0.925,2.171066853
0.926,2.173808612
0.927,2.17654981
0.928,2.179290445
0.929,2.182030515
0.93,2.184770017
0.931,2.187508951
0.932,2.190247313
0.933,2.192985102
0.934,2.195722315
0.935,2.198458951
0.936,2.201195006
0.937,2.20393048
0.938,2.20666537
0.939,2.209399673
0.94,2.212133389
0.941,2.214866514
0.942,2.217599046
0.943,2.220330984
0.944,2.223062326
0.945,2.225793068
0.946,2.22852321
0.947,2.231252748
0.948,2.233981682
0.949,2.236710008
0.95,2.239437725
0.951,2.24216483
0.952,2.244891322
0.953,2.247617198
0.954,2.250342457
0.955,2.253067095
0.956,2.255791112
0.957,2.258514504
0.958,2.26123727
0.959,2.263959408
0.96,2.266680915
0.961,2.26940179
0.962,2.27212203
0.963,2.274841633
0.964,2.277560598
0.965,2.280278921
0.966,2.282996601
0.967,2.285713636
0.968,2.288430024
0.969,2.291145762
0.97,2.293860849
0.971,2.296575282
0.972,2.299289059
0.973,2.302002178
0.974,2.304714637
0.975,2.307426434
0.976,2.310137567
0.977,2.312848034
0.978,2.315557832
0.979,2.31826696
0.98,2.320975414
0.981,2.323683194
0.982,2.326390298
0.983,2.329096722
0.984,2.331802465
0.985,2.334507525
0.986,2.337211899
0.987,2.339915586
0.988,2.342618584
0.989,2.34532089
0.99,2.348022502
0.991,2.350723418
0.992,2.353423636
0.993,2.356123154
0.994,2.35882197
0.995,2.361520081
0.996,2.364217487
0.997,2.366914183
0.998,2.369610169
0.999,2.372305442
1,2.375
1.001,2.377693841
1.002,2.380386963
1.003,2.383079364
1.004,2.385771041
1.005,2.388461994
1.006,2.391152218
1.007,2.393841713
1.008,2.396530476
1.009,2.399218505
1.01,2.401905798
1.011,2.404592353
1.012,2.407278168
1.013,2.409963241
1.014,2.412647569
1.015,2.41533115
1.016,2.418013983
1.017,2.420696065
1.018,2.423377394
1.019,2.426057969
1.02,2.428737786
1.021,2.431416843
1.022,2.43409514
1.023,2.436772673
1.024,2.439449441
1.025,2.442125441
1.026,2.444800671
1.027,2.447475129
1.028,2.450148813
1.029,2.452821721
1.03,2.455493851
1.031,2.458165201
1.032,2.460835768
1.033,2.463505551
1.034,2.466174547
1.035,2.468842754
1.036,2.47151017
1.037,2.474176794
1.038,2.476842622
1.039,2.479507653
1.04,2.482171885
1.041,2.484835315
1.042,2.487497942
1.043,2.490159763
1.044,2.492820776
1.045,2.49548098
1.046,2.498140371
1.047,2.500798949
1.048,2.50345671
1.049,2.506113653
1.05,2.508769775
1.051,2.511425075
1.052,2.51407955
1.053,2.516733199
1.054,2.519386018
1.055,2.522038007
1.056,2.524689162
1.057,2.527339483
1.058,2.529988966
1.059,2.532637609
1.06,2.535285411
1.061,2.53793237
1.062,2.540578482
1.063,2.543223747
1.064,2.545868162
1.065,2.548511724
1.066,2.551154433
1.067,2.553796285
1.068,2.556437279
1.069,2.559077412
1.07,2.561716683
1.071,2.564355088
1.072,2.566992627
1.073,2.569629297
1.074,2.572265096
1.075,2.574900022
1.076,2.577534072
1.077,2.580167245
1.078,2.582799539
1.079,2.58543095
1.08,2.588061478
1.081,2.590691121
1.082,2.593319875
1.083,2.595947739
1.084,2.598574711
1.085,2.601200788
1.086,2.603825969
1.087,2.606450252
1.088,2.609073634
1.089,2.611696113
1.09,2.614317688
1.091,2.616938355
1.092,2.619558114
1.093,2.622176961
1.094,2.624794895
1.095,2.627411913
1.096,2.630028014
1.097,2.632643195
1.098,2.635257455
1.099,2.63787079
1.1,2.6404832
1.101,2.643094682
1.102,2.645705233
1.103,2.648314852
1.104,2.650923537
1.105,2.653531285
1.106,2.656138095
1.107,2.658743963
1.108,2.661348889
1.109,2.66395287
1.11,2.666555904
1.111,2.669157989
1.112,2.671759122
1.113,2.674359302
1.114,2.676958527
1.115,2.679556794
1.116,2.682154101
1.117,2.684750446
1.118,2.687345827
1.119,2.689940243
1.12,2.69253369
1.121,2.695126166
1.122,2.697717671
1.123,2.7003082
1.124,2.702897754
1.125,2.705486328
1.126,2.708073922
1.127,2.710660532
1.128,2.713246158
1.129,2.715830796
1.13,2.718414445
1.131,2.720997103
1.132,2.723578767
1.133,2.726159436
1.134,2.728739107
1.135,2.731317778
1.136,2.733895447
1.137,2.736472112
1.138,2.73904777
1.139,2.741622421
1.14,2.744196061
1.141,2.746768688
1.142,2.749340301
1.143,2.751910897
1.144,2.754480475
1.145,2.757049031
1.146,2.759616565
1.147,2.762183073
1.148,2.764748554
1.149,2.767313005
1.15,2.769876425
1.151,2.772438811
1.152,2.775000162
1.153,2.777560475
1.154,2.780119748
1.155,2.782677978
1.156,2.785235165
1.157,2.787791305
1.158,2.790346397
1.159,2.792900438
1.16,2.795453427
1.161,2.798005361
1.162,2.800556238
1.163,2.803106057
1.164,2.805654814
1.165,2.808202508
1.166,2.810749137
1.167,2.813294698
1.168,2.81583919
1.169,2.81838261
1.17,2.820924957
1.171,2.823466227
1.172,2.82600642
1.173,2.828545533
1.174,2.831083563
1.175,2.833620509
1.176,2.836156369
1.177,2.838691141
1.178,2.841224821
1.179,2.843757409
1.18,2.846288902
1.181,2.848819299
1.182,2.851348596
1.183,2.853876792
1.184,2.856403884
1.185,2.858929872
1.186,2.861454752
1.187,2.863978522
1.188,2.86650118
1.189,2.869022725
1.19,2.871543154
1.191,2.874062464
1.192,2.876580655
1.193,2.879097723
1.194,2.881613667
1.195,2.884128484
1.196,2.886642173
1.197,2.889154731
1.198,2.891666156
1.199,2.894176447
1.2,2.8966856
1.201,2.899193614
1.202,2.901700487
1.203,2.904206216
1.204,2.9067108
1.205,2.909214237
1.206,2.911716523
1.207,2.914217658
1.208,2.916717639
1.209,2.919216464
1.21,2.92171413
1.211,2.924210637
1.212,2.926705981
1.213,2.92920016
1.214,2.931693173
1.215,2.934185017
1.216,2.936675691
1.217,2.939165191
1.218,2.941653516
1.219,2.944140665
1.22,2.946626634
1.221,2.949111421
1.222,2.951595025
1.223,2.954077444
1.224,2.956558675
1.225,2.959038716
1.226,2.961517565
1.227,2.96399522
1.228,2.966471679
1.229,2.968946939
1.23,2.971420999
1.231,2.973893857
1.232,2.97636551
1.233,2.978835957
1.234,2.981305194
1.235,2.983773221
1.236,2.986240035
1.237,2.988705633
1.238,2.991170015
1.239,2.993633176
1.24,2.996095117
1.241,2.998555834
1.242,3.001015325
1.243,3.003473588
1.244,3.005930621
1.245,3.008386423
1.246,3.01084099
1.247,3.013294321
1.248,3.015746413
1.249,3.018197266
1.25,3.020646875
1.251,3.02309524
1.252,3.025542358
1.253,3.027988227
1.254,3.030432845
1.255,3.03287621
1.256,3.035318319
1.257,3.037759172
1.258,3.040198764
1.259,3.042637096
1.26,3.045074163
1.261,3.047509965
1.262,3.049944499
1.263,3.052377762
1.264,3.054809754
1.265,3.057240471
1.266,3.059669912
1.267,3.062098075
1.268,3.064524957
1.269,3.066950556
1.27,3.069374871
1.271,3.071797898
1.272,3.074219637
1.273,3.076640084
1.274,3.079059238
1.275,3.081477097
1.276,3.083893658
1.277,3.08630892
1.278,3.08872288
1.279,3.091135536
1.28,3.093546886
1.281,3.095956929
1.282,3.098365661
1.283,3.100773081
1.284,3.103179186
1.285,3.105583975
1.286,3.107987446
1.287,3.110389596
1.288,3.112790423
1.289,3.115189925
1.29,3.1175881
1.291,3.119984946
1.292,3.12238046
1.293,3.124774642
1.294,3.127167488
1.295,3.129558996
1.296,3.131949165
1.297,3.134337991
1.298,3.136725474
1.299,3.139111611
1.3,3.1414964
1.301,3.143879839
1.302,3.146261925
1.303,3.148642656
1.304,3.151022032
1.305,3.153400048
1.306,3.155776704
1.307,3.158151996
1.308,3.160525924
1.309,3.162898485
1.31,3.165269676
1.311,3.167639496
1.312,3.170007943
1.313,3.172375014
1.314,3.174740707
1.315,3.177105021
1.316,3.179467952
1.317,3.1818295
1.318,3.184189661
1.319,3.186548435
1.32,3.188905818
1.321,3.191261808
1.322,3.193616404
1.323,3.195969603
1.324,3.198321404
1.325,3.200671803
1.326,3.2030208
1.327,3.205368391
1.328,3.207714575
1.329,3.21005935
1.33,3.212402713
1.331,3.214744663
1.332,3.217085197
1.333,3.219424314
1.334,3.22176201
1.335,3.224098285
1.336,3.226433135
1.337,3.228766559
1.338,3.231098555
1.339,3.23342912
1.34,3.235758253
1.341,3.238085951
1.342,3.240412212
1.343,3.242737035
1.344,3.245060416
1.345,3.247382354
1.346,3.249702847
1.347,3.252021893
1.348,3.254339489
1.349,3.256655634
1.35,3.258970325
1.351,3.26128356
1.352,3.263595338
1.353,3.265905655
1.354,3.26821451
1.355,3.270521901
1.356,3.272827826
1.357,3.275132282
1.358,3.277435268
1.359,3.279736781
1.36,3.282036819
1.361,3.284335381
1.362,3.286632463
1.363,3.288928064
1.364,3.291222182
1.365,3.293514815
1.366,3.29580596
1.367,3.298095616
1.368,3.30038378
1.369,3.30267045
1.37,3.304955625
1.371,3.307239301
1.372,3.309521477
1.373,3.311802151
1.374,3.314081321
1.375,3.316358984
1.376,3.318635139
1.377,3.320909783
1.378,3.323182915
1.379,3.325454531
1.38,3.32772463
1.381,3.329993211
1.382,3.33226027
1.383,3.334525806
1.384,3.336789816
1.385,3.339052299
1.386,3.341313252
1.387,3.343572673
1.388,3.345830561
1.389,3.348086912
1.39,3.350341726
1.391,3.352594999
1.392,3.35484673
1.393,3.357096916
1.394,3.359345556
1.395,3.361592647
1.396,3.363838188
1.397,3.366082176
1.398,3.368324608
1.399,3.370565484
1.4,3.3728048
1.401,3.375042555
1.402,3.377278747
1.403,3.379513373
1.404,3.381746431
1.405,3.38397792
1.406,3.386207836
1.407,3.388436179
1.408,3.390662946
1.409,3.392888134
1.41,3.395111742
1.411,3.397333768
1.412,3.399554209
1.413,3.401773064
1.414,3.403990329
1.415,3.406206004
1.416,3.408420086
1.417,3.410632573
1.418,3.412843462
1.419,3.415052753
1.42,3.417260442
1.421,3.419466527
1.422,3.421671007
1.423,3.423873879
1.424,3.426075141
1.425,3.428274791
1.426,3.430472827
1.427,3.432669246
1.428,3.434864048
1.429,3.437057229
1.43,3.439248787
1.431,3.441438721
1.432,3.443627028
1.433,3.445813707
1.434,3.447998754
1.435,3.450182168
1.436,3.452363947
1.437,3.454544089
1.438,3.456722591
1.439,3.458899452
1.44,3.461074669
1.441,3.46324824
1.442,3.465420164
1.443,3.467590437
1.444,3.469759059
1.445,3.471926026
1.446,3.474091337
1.447,3.476254989
1.448,3.478416981
1.449,3.48057731
1.45,3.482735975
1.451,3.484892973
1.452,3.487048301
1.453,3.489201959
1.454,3.491353944
1.455,3.493504253
1.456,3.495652885
1.457,3.497799837
1.458,3.499945107
1.459,3.502088694
1.46,3.504230595
1.461,3.506370808
1.462,3.508509331
1.463,3.510646162
1.464,3.512781298
1.465,3.514914738
1.466,3.51704648
1.467,3.519176521
1.468,3.521304859
1.469,3.523431492
1.47,3.525556419
1.471,3.527679636
1.472,3.529801142
1.473,3.531920935
1.474,3.534039012
1.475,3.536155372
1.476,3.538270012
1.477,3.540382931
1.478,3.542494125
1.479,3.544603594
1.48,3.546711334
1.481,3.548817345
1.482,3.550921623
1.483,3.553024167
1.484,3.555124974
1.485,3.557224042
1.486,3.55932137
1.487,3.561416955
1.488,3.563510795
1.489,3.565602888
1.49,3.567693232
1.491,3.569781824
1.492,3.571868663
1.493,3.573953747
1.494,3.576037073
1.495,3.578118639
1.496,3.580198443
1.497,3.582276484
1.498,3.584352758
1.499,3.586427264
1.5,3.5885
1.501,3.590570963
1.502,3.592640152
1.503,3.594707565
1.504,3.596773198
1.505,3.598837051
1.506,3.600899121
1.507,3.602959406
1.508,3.605017903
1.509,3.607074611
1.51,3.609129528
1.511,3.611182652
1.512,3.613233979
1.513,3.615283509
1.514,3.617331239
1.515,3.619377168
1.516,3.621421292
1.517,3.62346361
1.518,3.62550412
1.519,3.627542819
1.52,3.629579706
1.521,3.631614778
1.522,3.633648033
1.523,3.63567947
1.524,3.637709086
1.525,3.639736878
1.526,3.641762846
1.527,3.643786986
1.528,3.645809296
1.529,3.647829776
1.53,3.649848421
1.531,3.651865231
1.532,3.653880203
1.533,3.655893336
1.534,3.657904626
1.535,3.659914072
1.536,3.661921671
1.537,3.663927422
1.538,3.665931323
1.539,3.667933371
1.54,3.669933565
1.541,3.671931901
1.542,3.673928379
1.543,3.675922996
1.544,3.677915749
1.545,3.679906637
1.546,3.681895658
1.547,3.683882809
1.548,3.685868089
1.549,3.687851495
1.55,3.689833025
1.551,3.691812677
1.552,3.693790449
1.553,3.695766339
1.554,3.697740345
1.555,3.699712464
1.556,3.701682695
1.557,3.703651035
1.558,3.705617483
1.559,3.707582035
1.56,3.709544691
1.561,3.711505448
1.562,3.713464303
1.563,3.715421256
1.564,3.717376303
1.565,3.719329442
1.566,3.721280672
1.567,3.72322999
1.568,3.725177394
1.569,3.727122882
1.57,3.729066453
1.571,3.731008103
1.572,3.732947831
1.573,3.734885634
1.574,3.736821511
1.575,3.738755459
1.576,3.740687477
1.577,3.742617562
1.578,3.744545712
1.579,3.746471925
1.58,3.748396198
1.581,3.750318531
1.582,3.75223892
1.583,3.754157364
1.584,3.75607386
1.585,3.757988406
1.586,3.759901
1.587,3.761811641
1.588,3.763720325
1.589,3.765627052
1.59,3.767531818
1.591,3.769434622
1.592,3.771335461
1.593,3.773234333
1.594,3.775131237
1.595,3.77702617
1.596,3.778919131
1.597,3.780810116
1.598,3.782699124
1.599,3.784586153
1.6,3.7864712
1.601,3.788354264
1.602,3.790235342
1.603,3.792114433
1.604,3.793991534
1.605,3.795866643
1.606,3.797739757
1.607,3.799610876
1.608,3.801479997
1.609,3.803347117
1.61,3.805212234
1.611,3.807075347
1.612,3.808936454
1.613,3.810795551
1.614,3.812652638
1.615,3.814507711
1.616,3.81636077
1.617,3.818211811
1.618,3.820060833
1.619,3.821907833
1.62,3.82375281
1.621,3.825595761
1.622,3.827436684
1.623,3.829275577
1.624,3.831112438
1.625,3.832947266
1.626,3.834780057
1.627,3.836610809
1.628,3.838439521
1.629,3.840266191
1.63,3.842090815
1.631,3.843913393
1.632,3.845733922
1.633,3.847552401
1.634,3.849368825
1.635,3.851183195
1.636,3.852995507
1.637,3.85480576
1.638,3.856613951
1.639,3.858420079
1.64,3.860224141
1.641,3.862026135
1.642,3.863826058
1.643,3.86562391
1.644,3.867419688
1.645,3.869213389
1.646,3.871005011
1.647,3.872794553
1.648,3.874582013
1.649,3.876367387
1.65,3.878150675
1.651,3.879931874
1.652,3.881710981
1.653,3.883487995
1.654,3.885262914
1.655,3.887035736
1.656,3.888806458
1.657,3.890575078
1.658,3.892341594
1.659,3.894106005
1.66,3.895868307
1.661,3.8976285
1.662,3.89938658
1.663,3.901142545
1.664,3.902896395
1.665,3.904648125
1.666,3.906397735
1.667,3.908145223
1.668,3.909890585
1.669,3.91163382
1.67,3.913374927
1.671,3.915113902
1.672,3.916850743
1.673,3.918585449
1.674,3.920318018
1.675,3.922048447
1.676,3.923776734
1.677,3.925502877
1.678,3.927226874
1.679,3.928948724
1.68,3.930668422
1.681,3.932385969
1.682,3.934101361
1.683,3.935814596
1.684,3.937525673
1.685,3.939234589
1.686,3.940941342
1.687,3.942645931
1.688,3.944348352
1.689,3.946048603
1.69,3.947746684
1.691,3.949442591
1.692,3.951136322
1.693,3.952827876
1.694,3.95451725
1.695,3.956204442
1.696,3.95788945
1.697,3.959572272
1.698,3.961252906
1.699,3.962931349
1.700,3.9646076
1.701,3.966281656
1.702,3.967953516
1.703,3.969623177
1.704,3.971290637
1.705,3.972955894
1.706,3.974618946
1.707,3.976279791
1.708,3.977938426
1.709,3.97959485
1.710,3.98124906
1.711,3.982901055
1.712,3.984550832
1.713,3.986198389
1.714,3.987843724
1.715,3.989486835
1.716,3.991127719
1.717,3.992766376
1.718,3.994402802
1.719,3.996036995
1.720,3.997668954
1.721,3.999298676
1.722,4.000926159
1.723,4.002551401
1.724,4.004174399
1.725,4.005795153
1.726,4.007413659
1.727,4.009029916
1.728,4.010643922
1.729,4.012255673
1.730,4.013865169
1.731,4.015472407
1.732,4.017077385
1.733,4.018680101
1.734,4.020280553
1.735,4.021878739
1.736,4.023474656
1.737,4.025068302
1.738,4.026659676
1.739,4.028248775
1.740,4.029835597
1.741,4.03142014
1.742,4.033002402
1.743,4.034582381
1.744,4.036160074
1.745,4.03773548
1.746,4.039308597
1.747,4.040879422
1.748,4.042447953
1.749,4.044014188
1.750,4.045578125
1.751,4.047139762
1.752,4.048699097
1.753,4.050256128
1.754,4.051810852
1.755,4.053363267
1.756,4.054913372
1.757,4.056461164
1.758,4.058006642
1.759,4.059549802
1.760,4.061090643
1.761,4.062629163
1.762,4.06416536
1.763,4.065699231
1.764,4.067230775
1.765,4.068759989
1.766,4.070286871
1.767,4.07181142
1.768,4.073333632
1.769,4.074853506
1.770,4.076371041
1.771,4.077886232
1.772,4.07939908
1.773,4.080909581
1.774,4.082417733
1.775,4.083923534
1.776,4.085426983
1.777,4.086928077
1.778,4.088426813
1.779,4.08992319
1.780,4.091417206
1.781,4.092908859
1.782,4.094398146
1.783,4.095885065
1.784,4.097369615
1.785,4.098851793
1.786,4.100331597
1.787,4.101809024
1.788,4.103284074
1.789,4.104756743
1.790,4.10622703
1.791,4.107694932
1.792,4.109160448
1.793,4.110623574
1.794,4.11208431
1.795,4.113542653
1.796,4.114998601
1.797,4.116452152
1.798,4.117903304
1.799,4.119352054
1.800,4.1207984
1.801,4.122242341
1.802,4.123683874
1.803,4.125122997
1.804,4.126559708
1.805,4.127994006
1.806,4.129425886
1.807,4.130855349
1.808,4.132282391
1.809,4.133707011
1.810,4.135129206
1.811,4.136548975
1.812,4.137966314
1.813,4.139381223
1.814,4.140793698
1.815,4.142203738
1.816,4.143611341
1.817,4.145016505
1.818,4.146419227
1.819,4.147819505
1.820122343,4.149217338
1.821,4.150612722
1.822,4.152005657
1.823,4.15339614
1.824,4.154784168
1.825,4.156169741
1.826,4.157552854
1.827,4.158933508
1.828,4.160311698
1.829,4.161687424
1.830,4.163060683
1.831,4.164431474
1.832,4.165799793
1.833,4.167165638
1.834,4.168529009
1.835,4.169889902
1.836,4.171248316
1.837,4.172604248
1.838,4.173957696
1.839,4.175308658
1.840,4.176657133
1.841,4.178003117
1.842,4.179346609
1.843,4.180687607
1.844,4.182026109
1.845,4.183362112
1.846,4.184695614
1.847,4.186026614
1.848,4.187355108
1.849,4.188681096
1.851,4.190004575
1.851,4.191325543
1.852,4.192643997
1.853,4.193959936
1.854,4.195273357
1.855,4.196584259
1.856,4.197892639
1.857,4.199198495
1.858,4.200501825
1.859,4.201802627
1.861,4.203100899
1.861,4.204396639
1.862,4.205689844
1.863,4.206980513
1.864,4.208268643
1.865,4.209554232
1.866,4.210837279
1.867,4.212117781
1.868,4.213395735
1.869,4.214671141
1.87,4.215943995
1.871,4.217214295
1.872,4.21848204
1.873,4.219747228
1.874,4.221009856
1.875,4.222269922
1.876,4.223527424
1.877,4.22478236
1.878,4.226034728
1.879,4.227284525
1.88,4.22853175
1.881,4.229776401
1.882,4.231018475
1.883,4.23225797
1.884,4.233494885
1.885,4.234729216
1.886,4.235960963
1.887,4.237190122
1.888,4.238416692
1.889,4.239640671
1.89,4.240862056
1.891,4.242080845
1.892,4.243297037
1.893,4.244510629
1.894,4.245721619
1.895,4.246930005
1.896,4.248135785
1.897,4.249338956
1.898,4.250539517
1.899,4.251737466
1.900,4.2529328
1.901,4.254125517
1.902,4.255315616
1.903,4.256503093
1.904,4.257687948
1.905,4.258870177
1.906,4.260049779
1.907,4.261226752
1.908,4.262401093
1.909,4.2635728
1.91,4.264741872
1.911,4.265908306
1.912,4.2670721
1.913,4.268233252
1.914,4.26939176
1.915,4.270547622
1.916,4.271700835
1.917,4.272851398
1.918,4.273999308
1.919,4.275144563
1.92,4.276287162
1.921,4.277427101
1.922,4.27856438
1.923,4.279698995
1.924,4.280830945
1.925,4.281960228
1.926,4.283086841
1.927,4.284210783
1.928,4.285332051
1.929,4.286450643
1.93,4.287566557
1.931,4.288679792
1.932,4.289790344
1.933,4.290898211
1.934,4.292003393
1.935,4.293105886
1.936,4.294205688
1.937,4.295302797
1.938,4.296397212
1.939,4.29748893
1.94,4.298577949
1.941,4.299664266
1.942,4.300747881
1.943,4.30182879
1.944,4.302906991
1.945,4.303982483
1.946,4.305055263
1.947,4.30612533
1.948,4.30719268
1.949,4.308257313
1.95,4.309319225
1.951,4.310378415
1.952,4.311434881
1.953,4.31248862
1.954,4.31353963
1.955,4.31458791
1.956,4.315633457
1.957,4.316676269
1.958,4.317716345
1.959,4.318753681
1.96,4.319788275
1.961,4.320820127
1.962,4.321849232
1.963,4.322875591
1.964,4.323899199
1.965,4.324920056
1.966,4.325938159
1.967,4.326953506
1.968,4.327966094
1.969,4.328975923
1.97,4.329982989
1.971,4.33098729
1.972,4.331988825
1.973,4.332987591
1.974,4.333983587
1.975,4.334976809
1.976,4.335967257
1.977,4.336954927
1.978,4.337939818
1.979,4.338921928
1.98,4.339901254
1.981,4.340877795
1.982,4.341851548
1.983,4.342822511
1.984,4.343790683
1.985,4.34475606
1.986,4.345718641
1.987,4.346678424
1.988,4.347635406
1.989,4.348589586
1.99,4.349540962
1.991,4.350489531
1.992,4.351435291
1.993,4.35237824
1.994,4.353318376
1.995,4.354255696
1.996,4.3551902
1.997,4.356121884
1.998,4.357050747
1.999,4.357976786
2.000,4.3589
2.001,4.359820386
2.002,4.360737942
2.003,4.361652665
2.004,4.362564555
2.005,4.363473609
2.006,4.364379824
2.007,4.365283198
2.008,4.36618373
2.009,4.367081418
2.01,4.367976258
2.011,4.36886825
2.012,4.36975739
2.013,4.370643678
2.014,4.37152711
2.015,4.372407685
2.016,4.373285401
2.017,4.374160255
2.018,4.375032245
2.019,4.375901369
2.02,4.376767626
2.021,4.377631012
2.022,4.378491526
2.023,4.379349167
2.024,4.38020393
2.025,4.381055816
2.026,4.38190482
2.027,4.382750942
2.028,4.38359418
2.029,4.38443453
2.03,4.385271991
2.031,4.386106562
2.032,4.386938239
2.033,4.38776702
2.034,4.388592904
2.035,4.389415889
2.036,4.390235972
2.037,4.391053151
2.038,4.391867424
2.039,4.39267879
2.04,4.393487245
2.041,4.394292788
2.042,4.395095416
2.043,4.395895128
2.044,4.396691922
2.045,4.397485795
2.046,4.398276745
2.047,4.39906477
2.048,4.399849868
2.049,4.400632037
2.05,4.401411275
2.051,4.402187579
2.052,4.402960949
2.053,4.40373138
2.054,4.404498872
2.055,4.405263422
2.056,4.406025028
2.057,4.406783688
2.058,4.4075394
2.059,4.408292162
2.06,4.409041971
2.061,4.409788826
2.062,4.410532725
2.063,4.411273664
2.064,4.412011643
2.065,4.412746659
2.066,4.413478711
2.067,4.414207794
2.068,4.414933909
2.069,4.415657053
2.07,4.416377223
2.071,4.417094417
2.072,4.417808634
2.073,4.418519871
2.074,4.419228126
2.075,4.419933397
2.076,4.420635682
2.077,4.421334979
2.078,4.422031285
2.079,4.422724599
2.08,4.423414918
2.081,4.424102241
2.082,4.424786565
2.083,4.425467888
2.084,4.426146208
2.085,4.426821523
2.086,4.427493831
2.087,4.42816313
2.088,4.428829417
2.089,4.42949269
2.09,4.430152948
2.091,4.430810188
2.092,4.431464408
2.093,4.432115606
2.094,4.43276378
2.095,4.433408928
2.096,4.434051047
2.097,4.434690137
2.098,4.435326193
2.099,4.435959215
2.10,4.4365892
2.101,4.437216146
2.102,4.437840051
2.103,4.438460914
2.104,4.43907873
2.105,4.4396935
2.106,4.44030522
2.107,4.440913889
2.108,4.441519504
2.109,4.442122063
2.11,4.442721564
2.111,4.443318006
2.112,4.443911385
2.113,4.4445017
2.114,4.445088948
2.115,4.445673129
2.116,4.446254238
2.117,4.446832275
2.118,4.447407238
2.119,4.447979123
2.12,4.44854793
2.121,4.449113655
2.122,4.449676297
2.123,4.450235854
2.124,4.450792323
2.125,4.451345703
2.126,4.451895991
2.127,4.452443186
2.128,4.452987284
2.129,4.453528285
2.13,4.454066185
2.131,4.454600984
2.132,4.455132678
2.133,4.455661265
2.134,4.456186744
2.135,4.456709113
2.136,4.457228368
2.137,4.457744509
2.138,4.458257533
2.139,4.458767437
2.14,4.459274221
2.141,4.459777881
2.142,4.460278416
2.143,4.460775823
2.144,4.4612701
2.145,4.461761246
2.146,4.462249258
2.147,4.462734134
2.148,4.463215872
2.149,4.46369447
2.15,4.464169925
2.151,4.464642236
2.152,4.4651114
2.153,4.465577416
2.154,4.466040281
2.155,4.466499993
2.156,4.46695655
2.157,4.467409951
2.158,4.467860191
2.159,4.468307271
2.16,4.468751187
2.161,4.469191938
2.162,4.469629521
2.163,4.470063934
2.164,4.470495176
2.165,4.470923243
2.166,4.471348134
2.167,4.471769847
2.168,4.47218838
2.169,4.472603731
2.17,4.473015897
2.171,4.473424876
2.172,4.473830666
2.173,4.474233266
2.174,4.474632673
2.175,4.475028884
2.176,4.475421899
2.177,4.475811714
2.178,4.476198328
2.179,4.476581738
2.18,4.476961942
2.181,4.477338939
2.182,4.477712726
2.183,4.478083301
2.184,4.478450662
2.185,4.478814807
2.186,4.479175733
2.187,4.479533439
2.188,4.479887923
2.189,4.480239182
2.19,4.480587214
2.191,4.480932017
2.192,4.481273589
2.193,4.481611929
2.194,4.481947033
2.195,4.482278899
2.196,4.482607527
2.197,4.482932913
2.198,4.483255055
2.199,4.483573951
2.2,4.4838896
2.201,4.484201999
2.202,4.484511145
2.203,4.484817038
2.204,4.485119674
2.205,4.485419052
2.206,4.485715169
2.207,4.486008023
2.208,4.486297613
2.209,4.486583936
2.21,4.48686699
2.211,4.487146773
2.212,4.487423283
2.213,4.487696517
2.214,4.487966475
2.215,4.488233152
2.216,4.488496548
2.217,4.48875666
2.218,4.489013487
2.219,4.489267025
2.22,4.489517274
2.221,4.48976423
2.222,4.490007892
2.223,4.490248257
2.224,4.490485324
2.225,4.490719091
2.226,4.490949554
2.227,4.491176713
2.228,4.491400565
2.229,4.491621108
2.23,4.491838339
2.231,4.492052258
2.232,4.492262861
2.233,4.492470146
2.234,4.492674112
2.235,4.492874756
2.236,4.493072076
2.237,4.493266071
2.238,4.493456737
2.239,4.493644073
2.24,4.493828077
2.241,4.494008746
2.242,4.494186079
2.243,4.494360073
2.244,4.494530727
2.245,4.494698038
2.246,4.494862004
2.247,4.495022622
2.248,4.495179892
2.249,4.49533381
2.25,4.495484375
2.251,4.495631584
2.252,4.495775436
2.253,4.495915928
2.254,4.496053058
2.255,4.496186825
2.256,4.496317225
2.257,4.496444257
2.258,4.496567919
2.259,4.496688208
2.26,4.496805123
2.261,4.496918662
2.262,4.497028821
2.263,4.4971356
2.264,4.497238996
2.265,4.497339006
2.266,4.49743563
2.267,4.497528864
2.268,4.497618707
2.269,4.497705157
2.27,4.497788211
2.271,4.497867867
2.272,4.497944123
2.273,4.498016977
2.274,4.498086428
2.275,4.498152472
2.276,4.498215108
2.277,4.498274333
2.278,4.498330146
2.279,4.498382545
2.28,4.498431526
2.281,4.498477089
2.282,4.498519231
2.283,4.49855795
2.284,4.498593244	
	
	
	
	
	
	
	
	
	
	
	
	
	
	
	
	
	
	
	
	
	
	
	
	
	
	
	
	
	
	
	
	
	
	
	
	
	
	
	
	
	
	
	
	
	
	
	
	
	
	
	
	
	
	
	
	
	
	
	
	
	
	
	
	
	
	
	
	
	
	
	
	
	
	
	
	
	
	
	
	
	
	
	
	
	
	
	
	
	
	
	
	
	
	
	
	
	
	
	
	
	
	
	
	
	
	
	
	
	
	
	
	
	
	
	
	
	
	
	
	
	
	
	
	
	
	
	
	
	
	
	
	
	
	
	
	
	
	
	
	
	
	
	
	
	
	
	
	
	
	
	
	
	
	
	
	
	
	
	
	
	
	
	
	
	
	
	
	
	
	
	
	
	
	
	
	
	
	
	
	
	
	
	
	
	
	
	
	
	
	
	
	
	
	
	
	
	
	
	
	
	
	
	
	
	
	
	
	
	
	
	
	
	
	
	
	
	
	
	
	
	
	
	
	
	
	
	
	
	
	
	
	
	
	
	
	
	
	
	
	
	
	
	
	
	
	
	
	
	
	
	
	
	
	
	
	
	
	
	
	
	
	
	
	
	
	
	
	
	
	
	
	
	
	
	
	
	
	
	
	
	
	
	
	
	
	
	
	
	
	
	
	
	
	
	
	
	
	
	
	
	
	
	
	
	
	
	
	
	
	
	
	
	
	
	
	
	
	
	
	
	
	
	
	
	
	
	
	
	
	
	
	
	
	
	
	
	
	
	
	
	
	
	
	
	
	
	
	
	
	
	
	
	
	
	
	
	
	
	
	
	
	
	
	
	
	
	
	
	
	
	
	
	
	
	
	
	
	
	
	
	
	
	
	
	
	
	
	
	
	
	
	
	
	
	
	
	
	
	
	
	
	
	
	
	
	
	
	
	
	
	
	
	
	
	
	
	
	
	
	
	
	
	
	
	
	
	
	
	
	
	
	
	
	
	
	
	
	
	
	
	
	
	
	
	
	
	
	
	
	
	
	
	
	
	
	
	
	
	
	
	
	
	
	
	
	
	
	
	
	
	
	
	
	
	
	
	
	
	
	
	
	
	
	
	
	
	
	
	
	
	
	
	
	
	
	
	
	
	
	
	
	
	
	
	
	
	
	
	
	
	
	
	
	
	
	
	
	
	
	
	
	
	
	
	
	
	
	
	
	
	
	
	
	
	
	
	
	
	
	
	
	
	
	
	
	
	
	
	
	
	
	
	
	
	
	
	
	
	
	
	
	
	
	
	
	
	
	
	
	
	
	
	
	
	
	
	
	
	
	
	
	
	
	
	
	
	
	
	
	
	
	
	
	
	
	
	
	
	
	
	
	
	
	
	
	
	
	
	
	
	
	
	
	
	
	
	
	
	
	
	
	
	
	
	
	
	
	
	
	
	
	
	
	
	
	
	
	
	
	
	
	
	
	
	
	
	
	
	
	
	
	
	
	
	
	
	
	
	
	
	
	
	
	
	
	
	
	
	
	
	
	
	
	
	
	
	
	
	
	
	
	
	
	
	
	
	
	
	
	
	
	
	
	
	
	
	
	
	
	
	
	
	
	
	
	
	
	
	
	
	
	
	
	
	
	
	
	
	
	
	
	
	
	
	
	
	
	
	
	
	
	
	
	
	
	
	
	
	
	
	
	
	
	
	
	
	
	
	
	
	
	
	
	
	
	
	
	
	
	
	
	
	
	
	
	
	
	
	
	
	
	
	
	
	
	
	
	
	
	
	
	
	
	
	
	
	
	
	
	
	
	
	
	
	
	
	
	
	
	
	
	
	
	
	
	
	
	
	
	
	
	
	
	
	
	
	
	
	
	
	
	
	
	
	
	
	
	
	
	
	
	
	
	
	
	
	
	
	
	
	
	
	
	
	
	
	
	
	
	
	
	
	
	
	
	
	
	
	
	
	
	
	
	
	
	
	
	
	
	
	
	
	
	
	
	
	
	
	
	
	
	
	
	
	
	
	
	
	
	
	
	
	
	
	
	
	
	
	
	
	
	
	
	
	
	
	
	
	
	
	
	
	
	
	
	
	
	
	
	
	
	
	
	
	
	
	
	
	
	
	
	
	
	
	
	
	
	
	
	
	
	
	
	
	
	
	
	
	
	
	
	
	
	
	
	
	
	
	
	
	
	
	
	
	
	
	
	
	
	
	
	
	
	
	
	
	
	
	
	
	
	
	
	
	
	
	
	
	
	
	
	
	
	
	
	
	
	
	
	
	
	
	
	
	
	
	
	
	
	
	
	
	
	
	
	
	
	
	
	
	
	
	
	
	
	
	
	
	
	
	
	
	
	
	
	
	
	
	
	
	
	
	
	
	
	
	
	
	
	
	
	
	
	
	
	
	
	
	
	
	
	
	
	
	
	
	
	
	
	
	
	
	
	
	
	
	
	
	
	
	
	
	
	
	
	
	
	
	
	
	
	
	
	
	
	
	
	
	
	
	
	
	
	
	
	
	
	
	
	
	
	
	
	
	
	
	
	
	
	
	
	
	
	
	
	
	
	
	
	
	
	
	
	
	
	
	
	
	
	
	
	
	
	
	
	
	
	
	
	
	
	
	
	
	
	
	
	
	
	
	
	
	
	
	
	
	
	
	
	
	
	
	
	
	
	
	
	
	
	
	
	
	
	
	
	
	
	
	
	
	
	
	
	
	
	
	
	
	
	
	
	
	
	
	
	
	
	
	
	
	
	
	
	
	
	
	
	
	
	
	
	
	
	
	
	
	
	
	
	
	
	
	
	
	
	
	
	
	
	
	
	
	
	
	
	
	
	
	
	
	
	
	
	
	
	
	
	
	
	
	
	
	
	
	
	
	
	
	
	
	
	
	
	
	
	
	
	
	
	
	
	
	
	
	
	
	
	
	
	
	
	
	
	
	
	
	
	
	
	
	
	
	
	
	
	
	
	
	
	
	
	
	
	
	
	
	
	
	
	
	
	
	
	
	
	
	
	
	
	
	
	
	
	
	
	
	
	
	
	
	
	
	
	
	
	
	
	
	
	
	
	
	
	
	
	
	
	
	
	
	
	
	
	
	
	
	
	
	
	
	
	
	
	
	
	
	
	
	
	
	
	
	
	
	
	
	
	
	
	
	
	
	
	
	
	
	
	
	
	
	
	
	
	
	
	
	
	
	
	
	
	
	
	
	
	
	
	
	
	
	
	
	
	
	
	
	
	
	
	
	
	
	
	
	
	
	
	
	
	
	
	
	
	
	
	
	
	
	
	
	
	
	
	
	
	
	
	
	
	
	
	
	
	
	
	
	
	
	
	
	
	
	
	
	
	
	
	
	
	
	
	
	
	
	
	
	
	
	
	
	
	
	
	
	
	
	
	
	
	
	
	
	
	
	
	
	
	
	
	
	
	
	
	
	
	
	
	
	
	
	
	
	
	
	
	
	
	
	
	
	
	
	
	
	
	
	
	
	
	
	
	
	
	
	
	
	
	
	
	
	
	
	
	
	
	
	
	
	
	
	
	
	
	
	
	
	
	
	
	
	
	
	
	
	
	
	
	
	
	
	
	
	
	
	
	
	
	
	
	
	
	
	
	
	
	
	
	
	
	
	
	
	
	
	
	
	
	
	
	
	
	
	
	
	
	
	
	
	
	
	
	
	
	
	
	
	
	
	
	
	
	
	
	
	
	
	
	
	
	
	
	
	
	
	
	
	
	
	
	
	
	
	
	
	
	
	
	
	
	
	
	
	
	
	
	
	
	
	
	
	
	
	
	
	
	
	
	
	
	
	
	
	
	
	
	
	
	
	
	
	
	
	
	
	
	
	
	
	
	
	
	
	
	
	
	
	
	
	
	
	
	
	
	
	
	
	
	
	
	
	
	
	
	
	
	
	
	
	
	
	
	
	
	
	
	
	
	
	
	
	
	
	
	
	
	
	
	
	
	
	
	
	
	
	
	
	
	
	
	
	
	
	
	
	
	
	
	
	
	
	
	
	
	
	
	
	
	
	
	
	
	
	
	
	
	
	
	
	
	
	
	
	
	
	
	
	
	
	
	
	
	
	
	
	
	
	
	
	
	
	
	
	
	
	
	
	
	
	
	
	
	
	
	
	
	
	
	
	
	
	
	
	
	
	
	
	
	
	
	
	
	
	
	
	
	
	
	
	
	
	
	
	
	
	
	
	
	
	
	
	
	
	
	
	
	
	
	
	
	
	
	
	
	
	
	
	
	
	
	
	
	
	
	
	
	
	
	
	
	
	
	
	
	
	
	
	
	
	
	
	
	
	
	
	
	
	
	
	
	
	
	
	
	
	
	
	
	
	
	
	
	
	
	
	
	
	
	
	
	
	
	
	
	
	
	
	
	
	
	
	
	
	
	
	
	
	
	
	
	
	
	
	
	
	
	
	
	
	
	
	
	
	
	
	
	
	
	
	
	
	
	
	
	
	
	
	
	
	
	
	
	
	
	
	
	
	
	
	
	
	
	
	
	
	
	
	
	
	
	
	
	
	
	
	
	
	
	
	
	
	
	
	
	
	
	
	
	
	
	
	
	
	
	
	
	
	
	
	
	
	
	
	
	
	
	
	
	
	
	
	
	
	
	
	
	
	
	
	
	
	
	
	
	
	
	
	
	
	
	
	
	
	
	
	
	
	
	
	
	
	
	
	
	
	
	
	
	
	
	
	
	
	
	
	
	
	
	
	
	
	
	
	
	
	
	
	
	
	
	
	
	
	
	
	
	
	
	
	
	
	
	
	
	
	
	
	
	
	
	
	
	
	
	
	
	
	
	
	
	
	
	
	
	
	
	
	
	
	
	
	
	
	
	
	
	
	
	
	
	
	
	
	
	
	
	
	
	
	
	
	
	
	
	
	
	
	
	
	
	
	
	
	
	
	
	
	
	
	
	
	
	
	
	
	
	
	
	
	
	
	
	
	
	
	
	
	
	
	
	
	
	
	
	
	
	
	
	
	
	
	
	
	
	
	
	
	
	
	
	
	
	
	
	
	
	
	
	
	
	
	
	
	
	
	
	
	
	
	
	
	
	
	
	
	
	
	
	
	
	
	
	
	
	
	
	
	
	
	
	
	
	
	
	
	
	
	
	
	
	
	
	
	
	
	
	
	
	
	
	
	
	
	
	
	
	
	
	
	
	
	
	
	
	
	
	
	
	
	
	
	
	
	
	
	
	
	
	
	
	
	
	
	
	
	
	
	
	
	
	
	
	
	
	
	
	
	
	
	
	
	
	
	
	
	
	
	
	
	
	
	
	
	
	
	
	
	
	
	
	
	
	
	
	
	
	
	
	
	
	
	
	
	
	
	
	
	
	
	
	
	
	
	
	
	
	
	
	
	
	
	
	
	
	
	
	
	
	
	
	
	
	
	
	
	
	
	
	
	
	
	
	
	
	
	
	
	
	
	
	
	
	
	
	
	
	
	
	
	
	
	
	
	
	
	
	
	
	
	
	
	
	
	
	
	
	
	
	
	
	
	
	
	
	
	
	
	
	
	
	
	
	
	
	
	
	
	
	
	
	
	
	
	
	
	
	
	
	
	
	
	
	
	
	
	
	
	
	
	
	
	
	
	
	
	
	
	
	
	
	
	
	
	
	
	
	
	
	
	
	
	
	
	
	
	
	

	
	
	
	
	
	
	
	
	
	
	
	
	
	
	
	
	
	
	
	
	
	
	
	
	
	
	
	
	
	
	
	
	
	
	
	
	
	
	
	
	
	
	
	
	
	
	
	
	
	
	
	
	
	
	
	
	
	
	
	
	
	
	
	
	
	
	
	
	
	
	
	
	
	
	
	
	
	
	
	
	
	
	
	
	
	
	
	
	
	
	
	
	
	
	
	
	
	
	
	
	
	
	
	
	
	
	
	
	
	
	
	
	
	
	
	
	
	
	
	
	
	
	
	
	
	
	
	
	
	
	
	
	
	
	
	
	
	
	
	
	
	
	
	
	
	
	
	
	
	
	
	
	
	
	
	
	
	
	
	
	
	
	
	
	
	
	
	
	
	
	
	
	
	
	
	
	
	
	
	
	
	
	
	
	
	
	
	
	
	
	
	
	
	
	
	
	
	
	
	
	
	
	
	
	
	
	
	
	
	
	
	
	
	
	
	
	
	
	
	
	
	
	
	
	
	
	
	
	
	
	
	
	
	
	
	
	
	
	
	
	
	
	
	
	
	
	
	
	
	
	
	
	
	
	
	
	
	
	
	
	
	
	
	
	
	
	
	
	
	
	
	
	
	
	
	
	
	
	
	
	
	
	
	
	
	
	
	
	
	
	
	
	
	
	
	
	
	
	
	
	
	
	
	
	
	
	
	
	
	
	
	
	
	
	
	
	
	
	
	
	
	
	
	
	
	
	
	
	
	
	
	
	
	
	
	
	
	
	
	
	
	
	
	
	
	
	
	
	
	
	
	
	
	
	
	
	
	
	
	
	
	
	
	
	
	
	
	
	
	
	
	
	
	
	
	
	
	
	
	
	
	
	
	
	
	
	
	
	
	
	
	
	
	
	
	
	
	
	
	
	
	
	
	
	
	
	
	
	
	
	
	
	
	
	
	
	
	
	
	
	
	
	
	
	
	
	
	
	
	
	
	
	
	
	
	
	
	
	
	
	
	
	
	
	
	
	
	
	
	
	
	
	
	
	
	
	
	
	
	
	
	
	
	
	
	
	
	
	
	
	
	
	
	
	
	
	
	
	
	
	
	
	
	
	
	
	
	
	
	
	
	
	
	
	
	
	
	
	
	
	
	
	
	
	
	
	
	
	
	
	
	
	
	
	
	
	
	
	
	
	
	
	
	
	
	
	
	
	
	
	
	
	
	
	
	
	
	
	
	
	
	
	
	
	
	
	
	
	
	
	
	
	
	
	
	
	
	
	
	
	
	
	
	
	
	
	
	
	
	
	
	
	
	
	
	
	
	
	
	
	
	
	
	
	
	
	
	
	
	
	
	
	
	
	
	
	
	
	
	
	
	
	
	
	
	
	
	
	
	
	
	
	
	
	
	
	
	
	
	
	
	
	
	
	
	
	
	
	
	
	
	
	
	
	
	
	
	
	
	
	
	
	
	
	
	
	
	
	
	
	
	
	
	
	
	
	
	
	
	
	
	
	
	
	
	
	
	
	
	
	
	
	
	
	
	
	
	
	
	
	
	
	
	
	
	
	
	
	
	
	
	
	
	
	
	
	
	
	
	
	
	
	
	
	
	
	
	
	
	
	
	
	
	
	
	
	
	
	
	
	
	
	
	
	
	
	
	
	
	
	
	
	
	
	
	
	
	
	
	
	
	
	
	
	
	
	
	
	
	
	
	
	
	
	
	
	
	
	
	
	
	
	
	
	
	
	
	
	
	
	
	
	
	
	
	
	
	
	
	
	
	
	
	
	
	
	
	
	
	
	
	
	
	
	
	
	
	
	
	
	
	
	
	
	
	
	
	
	
	
	
	
	
	
	
	
	
	
	
	
	
	
	
	
	
	
	
	
	
	
	
	
	
	
	
	
	
	
	
	
	
	
	
	
	
	
	
	
	
	
	
	
	
	
	
	
	
	
	
	
	
	
	
	
	
	
	
	
	
	
	
	
	
	
	
	
	
	
	
	
	
	
	
	
	
	
	
	
	
	
	
	
	
	
	
	
	
	
	
	
	
	
	
	
	
	
	
	
	
	
	
	
	
	
	
	
	
	
	
	
	
	
	
	
	
	
	
	
	
	
	
	
	
	
	
	
	
	
	
	
	
	
	
	
	
	
	
	
	
	
	
	
	
	
	
	
	
	
	
	
	
	
	
	
	
	
	
	
	
	
	
	
	
	
	
	
	
	
	
	
	
	
	
	
	
	
	
	
	
	
	
	
	
	
	
	
	
	
	
	
	
	
	
	
	
	
	
	
	
	
	
	
	
	
	
	
	
	
	
	
	
	
	
	
	
	
	
	
	
	
	
	
	
	
	
	
	
	
	
	
	
	
	
	
	
	
	
	
	
	
	
	
	
	
	
	
	
	
	
	
	
	
	
	
	
	
	
	
	
	
	
	
	
	
	
	
	
	
	
	
	
	
	
	
	
	
	
	
	
	
	
	
	
	
	
	
	
	
	
	
	
	
	
	
	
	
	
	
	
	
	
	
	
	
	
	
	
	
	
	
	
	
	
	
	
	
	
	
	
	
	
	
	
	
	
	
	
	
	
	
	
	
	
	
	
	
	
	
	
	
	
	
	
	
	
	
	
	
	
	
	
	
	
	
	
	
	
	
	
	
	
	
	
	
	
	
	
	
	
	
	
	
	
	
	
	
	
	
	
	
	
	
	
	
	
	
	
	
	
	
	
	
	
	
	
	
	
	
	
	
	
	
	
	
	
	
	
	
	
	
	
	
	
	
	
	
	
	
	
	
	
	
	
	
	
	
	
	
	
	
	
	
	
	
	
	
	
	
	
	
	
	
	
	
	
	
	
	
	
	
	
	
	
	
	
	
	
	
	
	
	
	
	
	
	
	
	
	
	
	
	
	
	
	
	
	
	
	
	
	
	
	
	
	
	
	
	
	
	
	
	
	
	
	
	
	
	
	
	
	
	
	
	
	
	
	
	
	
	
	
	
	
	
	
	
	
	
	
	
	
	
	
	
	
	
	
	
	
	
	
	
	
	
	
	
	
	
	
	
	
	
	
	
	
	
	
	
	
	
	
	
	
	
	
	
	
	
	
	
	
	
	
	
	
	
	
	
	
	
	
	
	
	
	
	
	
	
	
	
	
	
	
	
	
	
	
	
	
	
	
	
	
	
	
	
	
	
	
	
	
	
	
	
	
	
	
	
	
	
	
	
	
	
	
	
	
	
	
	
	
	
	
	
	
	
	
	
	
	
	
	
	
	
	
	
	
	
	
	
	
	
	
	
	
	
	
	
	
	
	
	
	
	
	
	
	
	
	
	
	
	
	
	
	
	
	
	
	
	
	
	
	
	
	
	
	
	
	
	
	
	
	
	
	
	
	
	
	
	
	
	
	
	
	
	
	
	
	
	
	
	
	
	
	
	
	
	
	
	
	
	
	
	
	
	
	
	
	
	
	
	
	
	
	
	
	
	
	
	
	
	
	
	
	
	
	
	
	
	
	
	
	
	
	
	
	
	
	
	
	
	
	
	
	
	
	
	
	
	
	
	
	
	
	
	
	
	
	
	
	
	
	
	
	
	
	
	
	
	
	
	
	
	
	
	
	
	
	
	
	
	
	
	
	
	
	
	
	
	
	
	
	
	
	
	
	
	
	
	
	
	
	
	
	
	
	
	
	
	
	
	
	
	
	
	
	
	
	
	
	
	
	
	
	
	
	
	
	
	
	
	
	
	
	
	
	
	
	
	
	
	
	
	
	
	
	
	
	
	
	
	
	
	
	
	
	
	
	
	
	
	
	
	
	
	
	
	
	
	
	
	
	
	
	
	
	
	
	
	
	
	
	
	
	
	
	
	
	
	
	
	
	
	
	
	
	
	
	
	
	
	
	
	
	
	
	
	
	
	
	
	
	
	
	
	
	
	
	
	
	
	
	
	
	
	
	
	
	
	
	
	
	
	
	
	
	
	
	
	
	
	
	
	
	
	
	
	
	
	
	
	
	
	
	
	
	
	
	
	
	
	
	
	
	
	
	
	
	
	
	
	
	
	
	
	
	
	
	
	
	
	
	
	
	
	
	
	
	
	
	
	
	
	
	
	
	
	
	
	
	
	
	
	
	
	
	
	
	
	
	
	
	
	
	
	
	
	
	
	
	
	
	
	
	
	
	
	
	
	
	
	
	
	
	
	
	
	
	
	
	
	
	
	
	
	
	
	
	
	
	
	
	
	
	
	
	
	
	
	
	
	
	
	
	
	
	
	
	
	
	
	
	
	
	
	
	
	
	
	
	
	
	
	
	
	
	
	
	
	
	
	
	
	
	
	
	
	
	
	
	
	
	
	
	
	
	
	
	
	
	
	
	
	
	
	
	
	
	
	
	
	
	
	
	
	
	
	
	
	
	
	
	
	
	
	
	
	
	
	
	
	
	
	
	
	
	
	
	
	
	
	
	
	
	
	
	
	
	
	
	
	
	
	
	
	
	
	
	
	
	
	
	
	
	
	
	
	
	
	
	
	
	
	
	
	
	
	
	
	
	
	
	
	
	
	
	
	
	
	
	
	
	
	
	
	
	
	
	
	
	
	
	
	
	
	
	
	
	
	
	
	
	
	
	
	
	
	
	
	
	
	
	
	
	
	
	
	
	
	
	
	
	
	
	
	
	
	
	
	
	
	
	
	
	
	
	
	
	
	
	
	
	
	
	
	
	
	
	
	
	
	
	
	
	
	
	
	
	
	
	
	
	
	
	
	
	
	
	
	
	
	
	
	
	
	
	
	
	
	
	
	
	
	
	
	
	
	
	
	
	
	
	
	
	
	
	
	
	
	
	
	
	
	
	
	
	
	
	
	
	
	
	
	
	
	
	
	
	
	
	
	
	
	
	
	
	
	
	
	
	
	
	
	
	
	
	
	
	
	
	
	
	
	
	
	
